{"cameraMode":{"drawMode":0,"name":"Shaded","section":"Shading Mode"},"sceneLighting":false,"audioPlay":false,"sceneViewState":{"showFog":false,"showMaterialUpdate":false,"showSkybox":false,"showFlares":false,"showImageEffects":false,"showParticleSystems":false},"in2DMode":false,"pivot":{"x":24.350000381469728,"y":6.630000114440918,"z":-57.32699966430664},"rotation":{"x":0.24556605517864228,"y":-0.08131368458271027,"z":0.020676201209425927,"w":0.9657421112060547},"size":0.28578585386276247,"orthographic":false}