{"cameraMode":{"drawMode":0,"name":"Shaded","section":"Shading Mode"},"sceneLighting":true,"audioPlay":false,"sceneViewState":{"showFog":false,"showMaterialUpdate":false,"showSkybox":false,"showFlares":false,"showImageEffects":false,"showParticleSystems":false},"in2DMode":false,"pivot":{"x":27.7394962310791,"y":8.37993049621582,"z":-56.06881332397461},"rotation":{"x":0.24556605517864228,"y":-0.08131368458271027,"z":0.020676201209425927,"w":0.9657421112060547},"size":11.537250518798829,"orthographic":false}