{"cameraMode":{"drawMode":0,"name":"Shaded","section":"Shading Mode"},"sceneLighting":true,"audioPlay":false,"sceneViewState":{"showFog":false,"showMaterialUpdate":false,"showSkybox":false,"showFlares":false,"showImageEffects":false,"showParticleSystems":false},"in2DMode":false,"pivot":{"x":278.7909240722656,"y":127.61707305908203,"z":-279.5169372558594},"rotation":{"x":-0.2284865528345108,"y":0.5655422806739807,"z":-0.16680200397968293,"w":-0.7746837139129639},"size":55.793907165527347,"orthographic":false}