{"cameraMode":{"drawMode":0,"name":"Shaded","section":"Shading Mode"},"sceneLighting":true,"audioPlay":false,"sceneViewState":{"showFog":false,"showMaterialUpdate":false,"showSkybox":false,"showFlares":false,"showImageEffects":false,"showParticleSystems":false},"in2DMode":false,"pivot":{"x":22.501285552978517,"y":-42.77519989013672,"z":57.3973388671875},"rotation":{"x":0.24556605517864228,"y":-0.08131368458271027,"z":0.020676201209425927,"w":0.9657421112060547},"size":167.67347717285157,"orthographic":false}