{"cameraMode":{"drawMode":0,"name":"Shaded","section":"Shading Mode"},"sceneLighting":true,"audioPlay":false,"sceneViewState":{"showFog":false,"showMaterialUpdate":false,"showSkybox":false,"showFlares":false,"showImageEffects":false,"showParticleSystems":false},"in2DMode":false,"pivot":{"x":162.7534637451172,"y":57.01084518432617,"z":56.08919143676758},"rotation":{"x":0.24556605517864228,"y":-0.08131368458271027,"z":0.020676201209425927,"w":0.9657421112060547},"size":211.58953857421876,"orthographic":false}