{"cameraMode":{"drawMode":0,"name":"Shaded","section":"Shading Mode"},"sceneLighting":true,"audioPlay":false,"sceneViewState":{"showFog":false,"showMaterialUpdate":false,"showSkybox":false,"showFlares":false,"showImageEffects":false,"showParticleSystems":false},"in2DMode":false,"pivot":{"x":16.88829803466797,"y":13.091697692871094,"z":-49.247467041015628},"rotation":{"x":0.1379958540201187,"y":0.3567133843898773,"z":-0.05336480215191841,"w":0.9224233031272888},"size":8.604366302490235,"orthographic":false}