{"cameraMode":{"drawMode":0,"name":"Shaded","section":"Shading Mode"},"sceneLighting":true,"audioPlay":false,"sceneViewState":{"showFog":false,"showMaterialUpdate":false,"showSkybox":false,"showFlares":false,"showImageEffects":false,"showParticleSystems":false},"in2DMode":false,"pivot":{"x":28.927228927612306,"y":20.598342895507814,"z":28.564197540283204},"rotation":{"x":0.24556605517864228,"y":-0.08131368458271027,"z":0.020676201209425927,"w":0.9657421112060547},"size":311.541259765625,"orthographic":false}