{"cameraMode":{"drawMode":0,"name":"Shaded","section":"Shading Mode"},"sceneLighting":true,"audioPlay":false,"sceneViewState":{"showFog":false,"showMaterialUpdate":false,"showSkybox":false,"showFlares":false,"showImageEffects":false,"showParticleSystems":false},"in2DMode":false,"pivot":{"x":26.639116287231447,"y":12.784529685974121,"z":-53.67389678955078},"rotation":{"x":0.2695702910423279,"y":0.018776653334498407,"z":-0.005257287062704563,"w":0.9627832770347595},"size":9.816686630249024,"orthographic":false}