{"cameraMode":{"drawMode":0,"name":"Shaded","section":"Shading Mode"},"sceneLighting":true,"audioPlay":false,"sceneViewState":{"showFog":false,"showMaterialUpdate":false,"showSkybox":false,"showFlares":false,"showImageEffects":false,"showParticleSystems":false},"in2DMode":false,"pivot":{"x":166.6999969482422,"y":23.766000747680665,"z":-46.900001525878909},"rotation":{"x":0.15059036016464234,"y":0.6660124063491821,"z":-0.13986808061599732,"w":0.7170685529708862},"size":6.536064147949219,"orthographic":false}